{
    "$schema": "https://schema.management.azure.com/schemas/2015-01-01/deploymentParameters.json#",
    "contentVersion": "1.0.0.0",
    "parameters": {
        "name": {
            "value": "trkeys804"
        },
        "location": {
            "value": "eastus"
        },
        "sku": {
            "value": "Standard"
        },
        "accessPolicies": {
            "value": [
                {
                    "objectId": "c7c2ef71-dbde-4588-853e-adbece02b34f",
                    "tenantId": "f6660b41-518a-481e-ad16-b65893c24283",
                    "permissions": {
                        "keys": [
                            "Get",
                            "List",
                            "Update",
                            "Create",
                            "Import",
                            "Delete",
                            "Recover",
                            "Backup",
                            "Restore"
                        ],
                        "secrets": [
                            "Get",
                            "List",
                            "Set",
                            "Delete",
                            "Recover",
                            "Backup",
                            "Restore"
                        ],
                        "certificates": [
                            "Get",
                            "List",
                            "Update",
                            "Create",
                            "Import",
                            "Delete",
                            "Recover",
                            "Backup",
                            "Restore",
                            "ManageContacts",
                            "ManageIssuers",
                            "GetIssuers",
                            "ListIssuers",
                            "SetIssuers",
                            "DeleteIssuers"
                        ]
                    }
                }
            ]
        },
        "tenant": {
            "value": "f6660b41-518a-481e-ad16-b65893c24283"
        },
        "enabledForDeployment": {
            "value": true
        },
        "enabledForTemplateDeployment": {
            "value": true
        },
        "enabledForDiskEncryption": {
            "value": true
        },
        "enableRbacAuthorization": {
            "value": false
        },
        "enableSoftDelete": {
            "value": true
        },
        "softDeleteRetentionInDays": {
            "value": 90
        },
        "networkAcls": {
            "value": {
                "defaultAction": "allow",
                "bypass": "AzureServices",
                "ipRules": [],
                "virtualNetworkRules": []
            }
        }
    }
}